<?xml version="1.0" encoding="UTF-8"?>
<!DOCTYPE mapper PUBLIC "-//mybatis.org//DTD Mapper 3.0//EN" "http://mybatis.org/dtd/mybatis-3-mapper.dtd">

<mapper namespace="com.demo.dao.StudentMapper">

    <resultMap id="BaseResultMap" type="com.demo.vo.Student" >
            <result column="id" property="id" />
            <result column="student_name" property="studentName" />
            <result column="student_age" property="studentAge" />
            <result column="student_sex" property="studentSex" />
            <result column="student_number" property="studentNumber" />
            <result column="student_class" property="studentClass" />
            <result column="student_phone" property="studentPhone" />
            <result column="student_text" property="studentText" />
    </resultMap>

    <sql id="Base_Column_List">
        `id`,`student_name`,`student_age`,`student_sex`,`student_number`,`student_class`,`student_phone`,`student_text`
    </sql>

    <!--新增-->
    <insert id="doCreate" useGeneratedKeys="true" keyColumn="id" keyProperty="id" parameterType="com.demo.vo.Student">
        INSERT INTO `t_student`
        <trim prefix="(" suffix=")" suffixOverrides=",">
                    <if test ='id != null'>`id`,</if>
                    <if test ='studentName != null'>`student_name`,</if>
                    <if test ='studentAge != null'>`student_age`,</if>
                    <if test ='studentSex != null'>`student_sex`,</if>
                    <if test ='studentNumber != null'>`student_number`,</if>
                    <if test ='studentClass != null'>`student_class`,</if>
                    <if test ='studentPhone != null'>`student_phone`,</if>
                    <if test ='studentText != null'>`student_text`</if>
        </trim>
        <trim prefix="values (" suffix=")" suffixOverrides=",">
                    <if test ='id != null'>#{id},</if>
                    <if test ='studentName != null'>#{studentName},</if>
                    <if test ='studentAge != null'>#{studentAge},</if>
                    <if test ='studentSex != null'>#{studentSex},</if>
                    <if test ='studentNumber != null'>#{studentNumber},</if>
                    <if test ='studentClass != null'>#{studentClass},</if>
                    <if test ='studentPhone != null'>#{studentPhone},</if>
                    <if test ='studentText != null'>#{studentText}</if>
        </trim>
    </insert>

    <!--批量删除-->
    <delete id="doRemoveBatch" parameterType="java.util.Collection">
        DELETE FROM `t_student` WHERE `id` IN
        <foreach collection="list" item="id" separator="," open="(" close=")">
            #{id}
        </foreach>
    </delete>

    <!--修改-->
    <update id="doUpdate" parameterType="com.demo.vo.Student">
        UPDATE `t_student`
        <set>
                <if test ='id != null'>`id` = #{id},</if>
                <if test ='studentName != null'>`student_name` = #{studentName},</if>
                <if test ='studentAge != null'>`student_age` = #{studentAge},</if>
                <if test ='studentSex != null'>`student_sex` = #{studentSex},</if>
                <if test ='studentNumber != null'>`student_number` = #{studentNumber},</if>
                <if test ='studentClass != null'>`student_class` = #{studentClass},</if>
                <if test ='studentPhone != null'>`student_phone` = #{studentPhone},</if>
                <if test ='studentText != null'>`student_text` = #{studentText}</if>
        </set>
        WHERE `id` = #{id}
    </update>

    <!--获取-->
    <select id="findById" resultMap="BaseResultMap">
        SELECT <include refid="Base_Column_List" /> FROM `t_student` WHERE `id` = #{id}
    </select>

    <!--列表-->
    <select id="findAllSplit" parameterType="java.util.Map" resultMap="BaseResultMap">
        SELECT <include refid="Base_Column_List" /> FROM `t_student`
        <where>
            <if test="searchColumn != null and searchColumn != '' and keyword != null and keyword != ''">
                ${searchColumn} LIKE CONCAT('%',#{keyword},'%')  AND
            </if>
            1=1
        </where>
        ORDER BY id ASC
        <if test="startIndex != null and pageSize != null">
            LIMIT #{startIndex},#{pageSize};
        </if>
    </select>
    <!--数量-->
    <select id="getAllCount" parameterType="java.util.Map" resultType="Integer">
        SELECT COUNT(*) FROM `t_student`
        <where>
            <if test="searchColumn != null and searchColumn != '' and keyword != null and keyword != ''">
                ${searchColumn} LIKE CONCAT('%',#{keyword},'%')  AND
            </if>
            1=1
        </where>
    </select>
</mapper>
